"Rk,Player,Nation,Pos,Squad,Age,Born,90s,""Gls"
1,Kaio Jorge,br BRA,FW,Cruzeiro,23-172,2002,10.1,11,42,18,42.9,4.17,1.79,0.26,0.61,16.4,0,0,1
2,Giorgian De Arrascaeta,uy URU,MF,Flamengo,31-044,1994,8.5,9,20,10,50.0,2.37,1.18,0.40,0.80,18.2,0,1,1
3,Pablo Vegetti,ar ARG,FW,Vasco da Gama,36-273,1988,11.1,8,36,11,30.6,3.25,0.99,0.22,0.73,10.4,0,0,0
4,Pedro Raul,br BRA,FW,Ceará,28-252,1996,11.1,6,32,10,31.3,2.88,0.90,0.16,0.50,15.4,0,1,1
5,Reinaldo,br BRA,DF,Mirassol,35-290,1989,10.1,6,12,5,41.7,1.19,0.49,0.17,0.40,31.0,2,4,5
6,Yuri Alberto,br BRA,FW,Corinthians,24-119,2001,8.1,5,23,8,34.8,2.85,0.99,0.17,0.50,16.2,0,1,1
7,Martin Braithwaite,dk DEN,FW,Grêmio,34-040,1991,9.1,4,18,8,44.4,1.98,0.88,0.11,0.25,16.1,1,2,2
8,Pedro,br BRA,FW,Flamengo,28-025,1997,3.4,4,13,9,69.2,3.79,2.62,0.23,0.33,16.4,0,1,2
9,Isidro Pitta,py PAR,FW,RB Bragantino,25-335,1999,3.5,4,10,7,70.0,2.87,02.01,0.40,0.57,16.2,0,0,0
"10,Luiz Araújo,br BRA,""FW,MF"",Flamengo,29-043,1996,6.4,3,17,8,47.1,2.65,1.25,0.18,0.38,21.0,0,0,0"
11,Michel Araujo,uy URU,MF,Bahia,28-290,1996,1.7,3,5,3,60.0,2.90,1.74,0.60,1.00,16.1,0,0,0
"12,Álvaro Barreal,ar ARG,""FW,MF"",Santos,24-332,2000,6.6,3,13,6,46.2,1.98,0.91,0.23,0.50,17.0,1,0,0"
"13,Enmerson Batalla,co COL,""FW,MF"",Juventude,24-015,2001,9.8,3,15,8,53.3,1.53,0.82,0.20,0.38,21.8,0,0,0"
"14,Ferreira,br BRA,""FW,MF"",São Paulo,27-196,1997,6.4,3,12,5,41.7,1.87,0.78,0.25,0.60,18.2,0,0,1"
15,Nuno Gonçalo Moreira,pt POR,FW,Vasco da Gama,26-029,1999,10.4,3,16,10,62.5,1.54,0.96,0.19,0.30,21.5,0,0,0
16,Igor Jesus,br BRA,FW,Botafogo (RJ),24-140,2001,9.7,3,35,14,40.0,3.60,1.44,0.09,0.21,14.5,0,0,0
17,Luciano Juba,br BRA,DF,Bahia,25-320,1999,11.9,3,11,5,45.5,0.92,0.42,0.27,0.60,22.1,3,0,0
18,Renato Kayser,br BRA,FW,Vitória,29-148,1996,5.1,3,14,6,42.9,2.74,1.17,0.21,0.50,13.3,0,0,0
19,Juan Martín Lucero,ar ARG,FW,Fortaleza,33-227,1991,8.4,3,15,6,40.0,1.78,0.71,0.20,0.50,14.3,0,0,1
20,Memphis,nl NED,FW,Corinthians,31-152,1994,8.0,3,23,9,39.1,2.87,1.13,0.13,0.33,18.2,2,0,1
21,Rony,br BRA,FW,Atlético Mineiro,30-065,1995,11.2,3,35,15,42.9,3.12,1.34,0.09,0.20,17.2,0,0,0
"22,Eduardo Sasha,br BRA,""FW,MF"",RB Bragantino,33-141,1992,10.3,3,26,10,38.5,2.53,0.97,0.08,0.20,14.4,0,1,1"
23,Kevin Serna,co COL,FW,Fluminense,27-210,1997,4.0,3,8,5,62.5,1.98,1.24,0.38,0.60,15.8,0,0,0
24,André Silva,br BRA,FW,São Paulo,28-042,1997,9.7,3,22,4,18.2,2.27,0.41,0.09,0.50,16.3,0,1,1
"25,Artur,br BRA,""FW,MF"",Botafogo (RJ),27-150,1998,9.5,2,17,6,35.3,1.78,0.63,0.12,0.33,20.5,0,0,0"
"26,Gabriel Barbosa,br BRA,""FW,MF"",Cruzeiro,28-319,1996,3.6,2,9,5,55.6,2.49,1.38,0.22,0.40,23.2,0,0,1"
"27,Chrystian Barletta,br BRA,""FW,MF"",Sport Recife,24-010,2001,9.5,2,28,15,53.6,2.95,1.58,0.07,0.13,20.0,1,0,0"
28,Daniel Borges,br BRA,DF,Mirassol,32-114,1993,2.7,2,3,2,66.7,1.11,0.74,0.67,1.00,22.4,0,0,0
29,Marllon Borges,br BRA,DF,Ceará,33-090,1992,12.0,2,5,2,40.0,0.42,0.17,0.40,1.00,11.1,0,0,0
30,Rafael Borré,co COL,FW,Internacional,29-303,1995,4.5,2,10,3,30.0,2.22,0.67,0.20,0.67,12.3,0,0,0
31,Cacá,br BRA,DF,Corinthians,26-081,1999,8.7,2,6,3,50.0,0.69,0.35,0.33,0.67,12.9,0,0,0
32,Edson Carioca,br BRA,FW,Mirassol,28-011,1997,6.2,2,19,6,31.6,03.05,0.96,0.11,0.33,16.8,0,0,0
"33,Ryan Francisco,br BRA,""FW,MF"",São Paulo,18-236,2006,2.3,2,4,2,50.0,1.76,0.88,0.50,1.00,19.7,0,0,0"
"34,Gabriel,br BRA,""MF,FW"",Mirassol,35-190,1990,5.7,2,7,3,42.9,1.24,0.53,0.29,0.67,15.5,0,0,0"
35,Victor Gabriel,br BRA,DF,Internacional,21-078,2004,4.0,2,5,3,60.0,1.25,0.75,0.40,0.67,10.3,0,0,0
36,Antonio Galeano,py PAR,FW,Ceará,25-115,2000,11.0,2,14,6,42.9,1.27,0.55,0.14,0.33,22.1,0,0,0
37,Gilberto,br BRA,FW,Juventude,36-040,1989,5.1,2,9,4,44.4,1.75,0.78,0.22,0.50,21.2,0,0,0
38,Guilherme,br BRA,FW,Santos,30-093,1995,8.5,2,22,7,31.8,2.58,0.82,0.09,0.29,18.9,1,0,0
39,Hulk,br BRA,FW,Atlético Mineiro,38-355,1986,11.1,2,35,12,34.3,3.15,01.08,0.03,0.08,25.9,14,1,1
40,Willian José,br BRA,FW,Bahia,33-234,1991,6.0,2,17,7,41.2,2.85,1.17,0.06,0.14,17.6,4,1,1
"41,Jhonatan Jowjow,br BRA,""MF,FW"",RB Bragantino,22-309,2002,11.5,2,13,4,30.8,1.13,0.35,0.15,0.50,23.7,4,0,0"
42,Ignacio Laquintana,uy URU,FW,RB Bragantino,26-164,1999,2.5,2,5,2,40.0,2.00,0.80,0.40,1.00,18.8,0,0,0
43,José López,ar ARG,FW,Palmeiras,24-221,2000,5.8,2,20,4,20.0,3.47,0.69,0.05,0.25,17.3,0,1,1
"44,Matheusinho,br BRA,""MF,FW"",Vitória,27-270,1997,9.2,2,12,8,66.7,1.31,0.87,0.17,0.25,18.0,0,0,0"
45,Cristian Olivera,uy URU,FW,Grêmio,23-089,2002,6.9,2,11,5,45.5,1.60,0.73,0.18,0.40,18.3,0,0,0
"46,Alan Patrick,br BRA,""MF,FW"",Internacional,34-063,1991,8.1,2,13,5,38.5,1.60,0.61,0.08,0.20,22.0,4,1,1"
47,Matheus Pereira,br BRA,MF,Cruzeiro,29-071,1996,9.6,2,26,12,46.2,2.71,1.25,0.08,0.17,23.1,5,0,0
"48,Yago Pikachu,br BRA,""FW,DF"",Fortaleza,33-040,1992,8.5,2,11,2,18.2,1.30,0.24,0.00,0.00,21.3,1,2,2"
49,Joaquín Piquerez,uy URU,DF,Palmeiras,26-325,1998,10.5,2,13,3,23.1,1.24,0.29,0.08,0.33,28.9,0,1,2
"50,Erick Pulga,br BRA,""FW,MF"",Bahia,24-286,2000,10.5,2,27,6,22.2,2.56,0.57,0.07,0.33,16.4,0,0,0"
51,Vitor Roque,br BRA,FW,Palmeiras,20-137,2005,5.6,2,13,4,30.8,2.31,0.71,0.15,0.50,15.4,0,0,0
"52,Júnior Santos,br BRA,""FW,MF"",Atlético Mineiro,30-277,1994,1.8,2,9,4,44.4,4.91,2.18,0.22,0.50,13.2,0,0,0"
"53,Jefferson Savarino,ve VEN,""MF,FW"",Botafogo (RJ),28-246,1996,7.2,2,18,7,38.9,2.49,0.97,0.11,0.29,22.3,1,0,0"
"54,Gabriel Taliari,br BRA,""FW,MF"",Juventude,28-093,1997,6.8,2,17,7,41.2,2.49,01.03,0.12,0.29,23.7,0,0,0"
55,Alex Telles,br BRA,DF,Botafogo (RJ),32-212,1992,7.2,2,11,3,27.3,1.53,0.42,0.09,0.33,28.1,5,1,1
"56,Facundo Torres,uy URU,""MF,FW"",Palmeiras,25-093,2000,7.0,2,8,4,50.0,1.14,0.57,0.25,0.50,13.6,0,0,0"
57,Rayan Vitor,br BRA,FW,Vasco da Gama,18-346,2006,9.7,2,27,12,44.4,2.78,1.23,0.07,0.17,21.4,1,0,0
58,Braian Aguirre,ar ARG,DF,Internacional,24-352,2000,11.9,1,11,2,18.2,0.93,0.17,0.09,0.50,29.6,0,0,0
"59,Allan,br BRA,""DF,MF"",Palmeiras,21-087,2004,2.0,1,2,1,50.0,0.98,0.49,0.50,1.00,21.4,0,0,0"
60,Francis Amuzu,be BEL,FW,Grêmio,25-326,1999,4.9,1,15,6,40.0,03.06,1.22,0.07,0.17,22.5,0,0,0
"61,Matheus Araújo,br BRA,""MF,FW"",Ceará,23-054,2002,2.0,1,3,2,66.7,1.47,0.98,0.33,0.50,21.8,0,0,0"
"62,Alexander Aravena,cl CHI,""FW,MF"",Grêmio,22-312,2002,2.4,1,3,1,33.3,1.27,0.42,0.33,1.00,10.1,0,0,0"
63,Robert Arboleda,ec ECU,DF,São Paulo,33-266,1991,8.0,1,5,1,20.0,0.62,0.12,0.20,1.00,8.6,0,0,0
64,Matias Arezo,uy URU,FW,Grêmio,22-236,2002,3.0,1,9,4,44.4,03.02,1.34,0.11,0.25,18.4,0,0,0
65,Jhon Arias,co COL,FW,Fluminense,27-297,1997,11.0,1,14,4,28.6,1.27,0.36,0.00,0.00,24.8,3,1,1
66,Aylon,br BRA,FW,Ceará,33-099,1992,2.5,1,5,2,40.0,02.03,0.81,0.20,0.50,15.3,0,0,0
67,Matheus Babi,br BRA,FW,Juventude,27-362,1997,1.4,1,3,1,33.3,2.20,0.73,0.33,1.00,7.4,0,0,0
"68,Diogo Barbosa,br BRA,""DF,FW"",Fortaleza,32-332,1992,3.9,1,2,1,50.0,0.51,0.25,0.50,1.00,9.8,0,0,0"
"69,Paulo Baya,br BRA,""MF,FW"",Fluminense,25-354,1999,0.4,1,2,2,100.0,4.74,4.74,0.50,0.50,21.8,0,0,0"
"70,Thiago Borbas,uy URU,""FW,MF"",RB Bragantino,23-099,2002,1.7,1,4,2,50.0,2.34,1.17,0.25,0.50,12.9,0,0,0"
"71,Lucas Braga,br BRA,""FW,MF"",Vitória,28-247,1996,3.6,1,4,1,25.0,1.10,0.27,0.25,1.00,15.3,0,0,0"
"72,Breno,br BRA,""FW,MF"",Fortaleza,29-172,1996,5.9,1,16,5,31.3,2.71,0.85,0.06,0.20,21.0,0,0,0"
73,Breno,br BRA,MF,Corinthians,20-145,2005,9.1,1,5,2,40.0,0.55,0.22,0.20,0.50,25.6,0,0,0
74,Arthur Cabral,br BRA,FW,Botafogo (RJ),27-081,1998,0.8,1,4,2,50.0,4.86,2.43,0.25,0.50,21.5,0,0,0
75,Calebe,br BRA,MF,Fortaleza,25-076,2000,2.5,1,5,2,40.0,1.97,0.79,0.20,0.50,17.6,1,0,0
76,Germán Cano,ar ARG,FW,Fluminense,37-163,1988,5.3,1,12,2,16.7,2.28,0.38,0.08,0.50,17.5,0,0,0
77,Agustín Canobbio,uy URU,FW,Fluminense,26-287,1998,5.7,1,11,3,27.3,1.93,0.53,0.09,0.33,16.5,1,0,0
78,Juninho Capixaba,br BRA,DF,RB Bragantino,28-009,1997,12.0,1,16,4,25.0,1.33,0.33,0.06,0.25,18.2,3,0,0
79,Carlinhos,br BRA,FW,Vitória,28-153,1997,1.5,1,8,1,12.5,5.33,0.67,0.13,1.00,11.8,0,0,0
80,Iury de Castilho,br BRA,FW,Mirassol,29-312,1995,5.5,1,9,3,33.3,1.62,0.54,0.11,0.33,19.0,0,0,0
81,Murilo Cerqueira,br BRA,DF,Palmeiras,28-110,1997,3.7,1,2,2,100.0,0.54,0.54,0.50,0.50,19.6,0,0,0
"82,Kayky Chagas,br BRA,""FW,MF"",Bahia,22-034,2003,2.2,1,6,3,50.0,2.74,1.37,0.17,0.33,13.7,0,0,0"
83,Christian,br BRA,FW,Cruzeiro,24-208,2000,8.7,1,16,3,18.8,1.84,0.35,0.06,0.33,13.0,0,0,0
84,Igor Coronado,br BRA,MF,Corinthians,32-331,1992,3.8,1,10,4,40.0,2.63,01.05,0.10,0.25,23.7,1,0,0
"85,Tomás Cuello,ar ARG,""FW,MF"",Atlético Mineiro,25-132,2000,8.0,1,22,7,31.8,2.76,0.88,0.05,0.14,16.3,0,0,0"
"86,Cuiabano,br BRA,""DF,MF"",Botafogo (RJ),22-149,2003,6.2,1,6,2,33.3,0.97,0.32,0.17,0.50,17.7,0,0,0"
87,Danilo,br BRA,DF,Flamengo,34-000,1991,2.6,1,1,1,100.0,0.38,0.38,1.00,1.00,4.1,0,0,0
88,Deyverson,br BRA,FW,Fortaleza,34-068,1991,5.5,1,18,4,22.2,3.27,0.73,0.06,0.25,13.4,0,0,0
"89,Dudu,br BRA,""FW,MF"",Cruzeiro,33-189,1992,2.4,1,2,1,50.0,0.84,0.42,0.50,1.00,16.3,0,0,0"
"90,Edenílson,br BRA,""MF,FW"",Grêmio,35-209,1989,5.3,1,5,1,20.0,0.94,0.19,0.20,1.00,14.7,0,0,0"
91,Leandro Emmanuel Martínez,ar ARG,MF,Fortaleza,31-041,1994,7.6,1,9,4,44.4,1.18,0.52,0.11,0.25,25.1,0,0,0
"92,Ênio,br BRA,""FW,MF"",Juventude,24-134,2001,5.6,1,8,4,50.0,1.42,0.71,0.13,0.25,21.0,0,0,0"
"93,Erick,br BRA,""MF,DF"",Bahia,27-243,1997,4.6,1,5,1,20.0,01.08,0.22,0.20,1.00,13.8,0,0,0"
94,Evertton,br BRA,MF,Flamengo,22-137,2003,3.6,1,5,4,80.0,1.39,1.11,0.20,0.25,21.2,0,0,0
"95,Nathan Fernandes,br BRA,""FW,MF"",Botafogo (RJ),20-149,2005,1.8,1,7,3,42.9,3.80,1.63,0.14,0.33,13.0,0,0,0"
96,Marlon Freitas,br BRA,MF,Botafogo (RJ),30-110,1995,11.3,1,4,3,75.0,0.35,0.27,0.25,0.33,21.4,0,0,0
97,Gabriel,br BRA,MF,RB Bragantino,33-005,1992,10.8,1,8,2,25.0,0.74,0.19,0.13,0.50,24.3,0,0,0
98,Gilberto,br BRA,DF,Bahia,32-130,1993,9.7,1,6,2,33.3,0.62,0.21,0.17,0.50,18.0,0,0,0
"99,Igor Gomes,br BRA,""MF,FW"",Atlético Mineiro,26-120,1999,4.3,1,10,3,30.0,2.34,0.70,0.10,0.33,17.5,0,0,0"
100,Guga,br BRA,DF,Fluminense,26-320,1998,2.7,1,3,1,33.3,01.09,0.36,0.33,1.00,23.5,1,0,0
101,Guilherme,br BRA,DF,RB Bragantino,23-151,2002,2.0,1,1,1,100.0,0.50,0.50,1.00,1.00,2.4,0,0,0
102,Lucas Halter,br BRA,DF,Vitória,25-074,2000,12.0,1,7,2,28.6,0.58,0.17,0.14,0.50,12.7,0,0,0
"103,Héctor,es ESP,""FW,MF"",Corinthians,29-304,1995,2.7,1,6,3,50.0,2.20,1.10,0.17,0.33,12.8,0,0,0"
"104,Bruno Henrique,br BRA,""FW,MF"",Flamengo,34-197,1990,7.4,1,23,7,30.4,3.10,0.94,0.04,0.14,14.9,0,0,0"
105,Bruno Henrique,br BRA,MF,Internacional,35-267,1989,7.1,1,15,5,33.3,2.13,0.71,0.07,0.20,23.5,0,0,0
106,Pedro Henrique,br BRA,FW,Ceará,35-029,1990,5.8,1,18,5,27.8,3.13,0.87,0.06,0.20,22.5,4,0,0
107,Hércules,br BRA,MF,Fluminense,24-268,2000,5.8,1,11,3,27.3,1.91,0.52,0.09,0.33,21.3,0,0,0
108,Zé Ivaldo,br BRA,DF,Santos,28-144,1997,10.5,1,11,1,9.1,01.05,0.10,0.09,1.00,17.9,0,0,0
"109,Janderson,br BRA,""FW,MF"",Vitória,26-070,1999,8.1,1,10,3,30.0,1.23,0.37,0.10,0.33,13.8,0,0,0"
110,Jemerson,br BRA,DF,Grêmio,32-325,1992,8.6,1,3,1,33.3,0.35,0.12,0.33,1.00,7.3,0,0,0
111,Jemmes,br BRA,DF,Mirassol,25-097,2000,11.0,1,6,2,33.3,0.55,0.18,0.17,0.50,10.2,0,0,0
112,Lima,br BRA,MF,Fluminense,29-034,1996,4.4,1,11,3,27.3,2.49,0.68,0.09,0.33,19.4,0,0,0
113,Ayrton Lucas,br BRA,DF,Flamengo,28-026,1997,2.9,1,5,2,40.0,1.75,0.70,0.20,0.50,25.8,0,0,0
114,Luciano,br BRA,MF,São Paulo,32-058,1993,7.5,1,24,7,29.2,3.20,0.93,0.00,0.00,19.6,2,1,1
115,Thiago Maia,br BRA,MF,Internacional,28-114,1997,6.3,1,3,1,33.3,0.48,0.16,0.33,1.00,18.7,0,0,0
"116,Luis Mandaca,br BRA,""MF,FW"",Juventude,23-286,2001,8.8,1,12,3,25.0,1.37,0.34,0.08,0.33,15.5,0,0,0"
117,João Marcelo,br BRA,FW,Atlético Mineiro,20-091,2005,0.6,1,4,3,75.0,6.32,4.74,0.25,0.33,11.2,0,0,0
118,Martinelli,br BRA,MF,Fluminense,24-066,2001,10.5,1,9,4,44.4,0.86,0.38,0.11,0.25,14.4,0,0,0
119,Emiliano Martínez,uy URU,MF,Palmeiras,25-332,1999,6.7,1,6,3,50.0,0.89,0.45,0.17,0.33,22.1,0,0,0
120,Andre Martins,br BRA,FW,Grêmio,23-210,2001,1.4,1,11,5,45.5,8.11,3.69,0.09,0.20,13.1,0,0,0
121,Gonzalo Mastriani,uy URU,FW,Botafogo (RJ),32-078,1993,2.8,1,9,3,33.3,3.19,01.06,0.11,0.33,11.5,0,0,0
122,Ricardo Mathias,br BRA,FW,Internacional,18-355,2006,1.9,1,6,3,50.0,3.12,1.56,0.17,0.33,9.2,0,0,0
"123,Mauricio,br BRA,""MF,FW"",Palmeiras,24-054,2001,2.9,1,9,3,33.3,03.06,01.02,0.11,0.33,19.1,0,0,0"
124,Michael,br BRA,FW,Flamengo,29-125,1996,4.9,1,9,4,44.4,1.83,0.81,0.11,0.25,14.6,0,0,0
125,Lucas Mugni,ar ARG,MF,Ceará,33-184,1992,8.6,1,8,1,12.5,0.93,0.12,0.13,1.00,22.8,3,0,0
126,Sérgio Oliveira,pt POR,MF,Sport Recife,33-043,1992,6.7,1,14,3,21.4,02.09,0.45,0.07,0.33,25.7,5,0,0
"127,Cauly Oliveira Souza,br BRA,""MF,FW"",Bahia,29-303,1995,5.2,1,9,3,33.3,1.73,0.58,0.11,0.33,13.6,0,0,0"
128,Pablo,br BRA,FW,Sport Recife,33-022,1992,5.9,1,12,3,25.0,02.03,0.51,0.08,0.33,14.6,1,0,0
129,Léo Pereira,br BRA,DF,Flamengo,29-165,1996,11.0,1,3,2,66.7,0.27,0.18,0.33,0.50,6.6,0,0,0
130,Diego Pituca,br BRA,MF,Santos,32-334,1992,3.6,1,3,1,33.3,0.84,0.28,0.33,1.00,23.1,0,0,0
131,Gonzalo Plata,ec ECU,FW,Flamengo,24-256,2000,3.4,1,6,1,16.7,1.78,0.30,0.17,1.00,13.2,1,0,0
"132,Tomas Pochettino,ar ARG,""MF,FW"",Fortaleza,29-164,1996,5.3,1,19,7,36.8,3.56,1.31,0.05,0.14,25.1,2,0,0"
133,Mateo Ponte,uy URU,DF,Botafogo (RJ),22-052,2003,1.4,1,2,1,50.0,1.40,0.70,0.50,1.00,10.5,0,0,0
"134,Gustavo Prado,br BRA,""FW,MF"",Internacional,20-039,2005,2.9,1,14,5,35.7,4.88,1.74,0.07,0.20,23.6,0,0,0"
135,Erick Pulgar,cl CHI,MF,Flamengo,31-181,1994,7.2,1,4,3,75.0,0.55,0.41,0.25,0.33,18.3,0,0,0
136,Eric Ramires,br BRA,MF,RB Bragantino,24-339,2000,9.2,1,8,3,37.5,0.87,0.33,0.13,0.33,17.4,0,0,0
137,Lucas Ramon,br BRA,DF,Mirassol,31-130,1994,9.2,1,7,3,42.9,0.76,0.33,0.14,0.33,19.2,0,0,0
"138,Wellington Rato,br BRA,""FW,MF"",Vitória,33-017,1992,2.4,1,5,3,60.0,2.12,1.27,0.20,0.33,26.0,1,0,0"
139,Cristian Renato,br BRA,FW,Mirassol,25-147,2000,5.5,1,17,9,52.9,03.09,1.64,0.06,0.11,17.3,0,0,0
140,Renê,br BRA,DF,Fluminense,32-304,1992,7.9,1,4,1,25.0,0.51,0.13,0.25,1.00,20.5,0,0,0
141,Everton Ribeiro,br BRA,MF,Bahia,36-096,1989,7.7,1,10,3,30.0,1.30,0.39,0.00,0.00,28.3,0,1,1
142,Lucas Romero,ar ARG,MF,Cruzeiro,31-088,1994,11.4,1,6,2,33.3,0.53,0.18,0.17,0.50,27.4,0,0,0
"143,Rubens,br BRA,""MF,DF"",Atlético Mineiro,24-024,2001,11.5,1,17,5,29.4,1.48,0.44,0.06,0.20,21.0,0,0,0"
144,Lucas Silva,br BRA,MF,Cruzeiro,32-149,1993,10.8,1,10,2,20.0,0.92,0.18,0.10,0.50,25.8,1,0,0
"145,Everton Soares,br BRA,""FW,MF"",Flamengo,29-115,1996,5.6,1,18,4,22.2,3.19,0.71,0.06,0.25,22.3,0,0,0"
146,Tiquinho Soares,br BRA,FW,Santos,34-179,1991,7.6,1,16,4,25.0,2.10,0.52,0.00,0.00,19.2,0,1,1
147,Everaldo Stum,br BRA,FW,Fluminense,34-010,1991,5.3,1,13,5,38.5,2.45,0.94,0.08,0.20,15.2,0,0,0
"148,Bruno Tabata,br BRA,""FW,MF"",Internacional,28-107,1997,5.0,1,12,7,58.3,2.39,1.40,0.08,0.14,22.0,1,0,0"
"149,Thaciano,br BRA,""FW,MF"",Santos,30-064,1995,3.7,1,10,2,20.0,2.73,0.55,0.10,0.50,11.3,0,0,0"
150,Guilherme Tinga,br BRA,DF,Fortaleza,31-317,1993,5.0,1,5,1,20.0,01.01,0.20,0.20,1.00,13.6,0,0,0
151,Enner Valencia,ec ECU,FW,Internacional,35-253,1989,4.9,1,12,5,41.7,2.43,01.01,0.08,0.20,12.0,0,0,0
152,Fausto Vera,ar ARG,MF,Atlético Mineiro,25-111,2000,4.9,1,5,1,20.0,01.03,0.21,0.20,1.00,21.4,0,0,0
153,João Victor,br BRA,DF,Vasco da Gama,26-363,1998,13.0,1,8,3,37.5,0.62,0.23,0.13,0.33,10.4,0,0,0
154,Lucas Villalba,ar ARG,DF,Cruzeiro,30-330,1994,9.8,1,12,2,16.7,1.22,0.20,0.08,0.50,13.0,0,0,0
155,Vitinho,br BRA,DF,Botafogo (RJ),25-357,1999,10.8,1,4,1,25.0,0.37,0.09,0.25,1.00,10.9,0,0,0
"156,Wallace,br BRA,""MF,FW"",Flamengo,20-157,2005,0.5,1,4,1,25.0,8.00,2.00,0.25,1.00,11.0,0,0,0"
157,Deivid Washington,br BRA,FW,Santos,20-040,2005,3.5,1,9,1,11.1,2.57,0.29,0.11,1.00,16.8,0,0,0
158,Samuel Xavier,br BRA,DF,Fluminense,35-039,1990,8.2,1,5,2,40.0,0.61,0.24,0.20,0.50,26.6,0,0,0
159,Abner,br BRA,DF,Juventude,21-087,2004,5.5,0,1,0,0.0,0.18,0.00,0.00,,8.7,0,0,0
"160,Nicolás Acevedo,uy URU,""MF,DF"",Bahia,26-092,1999,3.4,0,1,0,0.0,0.30,0.00,0.00,,22.1,0,0,0"
"161,Adson,br BRA,""FW,MF"",Vasco da Gama,24-282,2000,2.3,0,3,2,66.7,1.29,0.86,0.00,0.00,20.2,0,0,0"
"162,Carlos Alberto,br BRA,""FW,MF"",Sport Recife,23-092,2002,3.7,0,3,2,66.7,0.82,0.55,0.00,0.00,17.9,0,0,0"
163,José Aldo,br BRA,MF,Mirassol,26-355,1998,5.2,0,6,1,16.7,1.15,0.19,0.00,0.00,20.2,0,0,0
164,Caio Alexandre,br BRA,MF,Bahia,26-141,1999,9.2,0,5,0,0.0,0.55,0.00,0.00,,27.3,0,0,0
165,Matheus Alexandre,br BRA,DF,Sport Recife,26-099,1999,3.0,0,2,0,0.0,0.67,0.00,0.00,,23.8,0,0,0
166,Alisson,br BRA,MF,São Paulo,32-020,1993,11.3,0,10,3,30.0,0.88,0.27,0.00,0.00,24.6,2,0,0
167,Allan,br BRA,MF,Flamengo,28-134,1997,2.3,0,3,1,33.3,1.29,0.43,0.00,0.00,35.6,0,0,0
"168,Allan,br BRA,""MF,FW"",Botafogo (RJ),34-188,1991,2.3,0,2,1,50.0,0.89,0.44,0.00,0.00,13.3,0,0,0"
"169,Allanzinho,br BRA,""MF,FW"",Fortaleza,25-102,2000,1.4,0,3,0,0.0,2.21,0.00,0.00,,26.2,0,0,0"
170,Júnior Alonso,py PAR,DF,Atlético Mineiro,32-156,1993,12.2,0,5,1,20.0,0.41,0.08,0.00,0.00,15.6,0,0,0
"171,Matheus Alves,br BRA,""MF,FW"",São Paulo,20-132,2005,4.1,0,7,0,0.0,1.70,0.00,0.00,,21.7,0,0,0"
"172,Felipe Anderson,br BRA,""DF,MF"",Palmeiras,32-091,1993,4.9,0,10,2,20.0,02.05,0.41,0.00,0.00,22.5,1,0,0"
"173,Kervin Andrade,ve VEN,""FW,MF"",Fortaleza,20-093,2005,0.9,0,4,2,50.0,4.24,2.12,0.00,0.00,20.0,0,0,0"
174,José Andrés Martínez,ve VEN,MF,Corinthians,30-342,1994,5.8,0,4,1,25.0,0.69,0.17,0.00,0.00,22.6,0,0,0
175,Wilker Ángel,ve VEN,DF,Juventude,32-119,1993,5.0,0,3,0,0.0,0.60,0.00,0.00,,12.2,0,0,0
176,Fabrizio Angileri,ar ARG,DF,Corinthians,31-122,1994,6.3,0,2,0,0.0,0.32,0.00,0.00,,33.6,0,0,0
177,Anthoni,br BRA,GK,Internacional,23-173,2002,11.5,0,0,0,,0.00,0.00,,,,0,0,0
178,Marcos Antônio,br BRA,MF,São Paulo,25-032,2000,6.5,0,6,1,16.7,0.92,0.15,0.00,0.00,27.1,0,0,0
179,Guilherme Arana,br BRA,DF,Atlético Mineiro,28-092,1997,4.0,0,11,1,9.1,2.77,0.25,0.00,0.00,19.6,0,0,0
180,Lucas Arcanjo,br BRA,GK,Vitória,26-341,1998,12.0,0,0,0,,0.00,0.00,,,,0,0,0
181,Santiago Arias,co COL,DF,Bahia,33-183,1992,1.3,0,1,1,100.0,0.76,0.76,0.00,0.00,11.5,0,0,0
182,Arthur,br BRA,FW,Sport Recife,22-125,2003,2.2,0,4,0,0.0,1.80,0.00,0.00,,13.9,0,0,0
"183,Rodrigo Atencio,ar ARG,""FW,MF"",Sport Recife,23-015,2002,2.5,0,10,2,20.0,04.02,0.80,0.00,0.00,23.9,1,0,0"
"184,Loide Augusto,ao ANG,""FW,MF"",Vasco da Gama,25-139,2000,2.0,0,5,2,40.0,2.56,01.02,0.00,0.00,19.2,0,0,0"
"185,Leo Augusto Pereira,br BRA,""FW,MF"",Vitória,25-016,2000,1.8,0,4,1,25.0,2.17,0.54,0.00,0.00,19.9,0,0,0"
"186,Renato Augusto,br BRA,""MF,FW"",Fluminense,37-157,1988,0.2,0,0,0,,0.00,0.00,,,,0,0,0"
187,Gastón Ávila,ar ARG,DF,Fortaleza,23-288,2001,3.1,0,2,1,50.0,0.64,0.32,0.00,0.00,16.3,0,0,0
188,Matheus Bahia,br BRA,DF,Ceará,25-338,1999,7.9,0,4,2,50.0,0.51,0.25,0.00,0.00,22.8,0,0,0
"189,Gabriel Baralhas,br BRA,""MF,DF"",Vitória,26-278,1998,8.9,0,7,1,14.3,0.78,0.11,0.00,0.00,25.0,0,0,0"
"190,Danilo Barbosa,br BRA,""DF,MF"",Botafogo (RJ),29-137,1996,0.4,0,1,1,100.0,2.31,2.31,0.00,0.00,33.7,0,0,0"
191,Lucas Barbosa,br BRA,FW,RB Bragantino,24-143,2001,7.5,0,15,6,40.0,02.01,0.80,0.00,0.00,17.8,0,0,0
192,Alexander Barboza,ar ARG,DF,Botafogo (RJ),30-121,1995,6.0,0,2,0,0.0,0.33,0.00,0.00,,30.9,0,0,0
193,José Luis Rodríguez Bebanz,uy URU,DF,Vasco da Gama,28-123,1997,2.3,0,3,0,0.0,1.32,0.00,0.00,,21.5,0,0,0
194,Luis Benedetti,br BRA,DF,Palmeiras,19-038,2006,1.0,0,1,0,0.0,1.00,0.00,0.00,,9.8,0,0,0
195,Alan Benítez,py PAR,DF,Internacional,31-171,1994,0.5,0,0,0,,0.00,0.00,,,,0,0,0
196,Alexandro Bernabei,ar ARG,DF,Internacional,24-294,2000,7.9,0,14,3,21.4,1.77,0.38,0.00,0.00,23.2,0,0,0
197,Facundo Bernal,uy URU,MF,Fluminense,21-328,2003,3.3,0,4,2,50.0,1.21,0.60,0.00,0.00,30.1,0,0,0
"198,Bernard,br BRA,""FW,MF"",Atlético Mineiro,32-310,1992,2.4,0,1,0,0.0,0.42,0.00,0.00,,27.7,0,0,0"
"199,Matheus Bianqui,br BRA,""MF,FW"",Mirassol,27-165,1998,0.6,0,0,0,,0.00,0.00,,,,0,0,0"
"200,Matheus Bidu,br BRA,""DF,MF"",Corinthians,26-072,1999,5.0,0,3,1,33.3,0.60,0.20,0.00,0.00,20.2,0,0,0"
201,Damián Bobadilla,py PAR,MF,São Paulo,24-004,2001,4.7,0,7,2,28.6,1.49,0.42,0.00,0.00,23.2,0,0,0
202,Yannick Bolasie,cd COD,FW,Cruzeiro,36-052,1989,1.1,0,3,1,33.3,2.81,0.94,0.00,0.00,23.4,0,0,0
"203,Gabriel Bontempo,br BRA,""MF,FW"",Santos,20-180,2005,5.4,0,4,0,0.0,0.73,0.00,0.00,,15.9,0,0,0"
204,Pedro Borges,br BRA,MF,Fortaleza,28-134,1997,0.4,0,0,0,,0.00,0.00,,,,0,0,0
205,Pedro Borges,br BRA,MF,Sport Recife,28-134,1997,0.1,0,0,0,,0.00,0.00,,,,0,0,0
206,Gabriel Brazão,br BRA,GK,Santos,24-283,2000,12.0,0,0,0,,0.00,0.00,,,,0,0,0
207,Brenno,br BRA,GK,Fortaleza,26-105,1999,1.0,0,0,0,,0.00,0.00,,,,0,0,0
208,Emanuel Brítez,ar ARG,DF,Fortaleza,33-111,1992,2.0,0,2,0,0.0,1.00,0.00,0.00,,24.8,0,0,0
209,Bruninho,br BRA,MF,Fortaleza,20-034,2005,0.8,0,2,0,0.0,2.65,0.00,0.00,,32.7,0,0,0
210,Fabrício Bruno,br BRA,DF,Cruzeiro,29-153,1996,12.0,0,3,1,33.3,0.25,0.08,0.00,0.00,10.3,0,0,0
211,Raúl Cáceres,py PAR,DF,Vitória,33-300,1991,3.0,0,1,0,0.0,0.34,0.00,0.00,,29.1,0,0,0
212,Jonathan Calleri,ar ARG,FW,São Paulo,31-295,1993,1.3,0,2,1,50.0,1.49,0.74,0.00,0.00,22.1,0,0,1
213,Camilo,br BRA,MF,Grêmio,26-142,1999,4.4,0,5,0,0.0,1.14,0.00,0.00,,30.1,0,0,0
214,Johan Carbonero,co COL,FW,Internacional,25-360,1999,2.5,0,7,0,0.0,2.83,0.00,0.00,,18.5,0,0,0
215,Igor Cariús,br BRA,DF,Sport Recife,32-075,1993,7.9,0,4,3,75.0,0.50,0.38,0.00,0.00,13.0,0,0,0
216,Antonio Carlos,br BRA,DF,Sport Recife,32-130,1993,3.0,0,0,0,,0.00,0.00,,,,0,0,0
"217,Jean Carlos Vicente,br BRA,""MF,FW"",Juventude,33-150,1992,2.3,0,4,1,25.0,1.77,0.44,0.00,0.00,28.3,2,0,0"
218,André Carrillo,pe PER,MF,Corinthians,34-031,1991,7.6,0,5,1,20.0,0.66,0.13,0.00,0.00,21.4,0,0,0
219,Gabriel Carvalho,br BRA,FW,Internacional,17-332,2007,0.8,0,2,1,50.0,2.50,1.25,0.00,0.00,20.8,0,0,0
220,Cássio,br BRA,GK,Cruzeiro,38-039,1987,13.0,0,0,0,,0.00,0.00,,,,0,0,0
221,Chico,br BRA,MF,Mirassol,34-059,1991,1.4,0,1,1,100.0,0.70,0.70,0.00,0.00,11.9,0,0,0
222,Chico,br BRA,DF,Sport Recife,26-304,1998,11.5,0,7,1,14.3,0.61,0.09,0.00,0.00,17.2,0,0,0
223,Claudinho,br BRA,DF,Vitória,24-294,2000,8.7,0,5,1,20.0,0.57,0.11,0.00,0.00,15.9,0,0,0
224,Clayson,br BRA,FW,Mirassol,30-118,1995,2.8,0,4,2,50.0,1.41,0.70,0.00,0.00,23.7,0,0,0
225,Clayton,br BRA,DF,Internacional,25-102,2000,1.5,0,0,0,,0.00,0.00,,,,0,0,0
226,Mateus Cocão,br BRA,MF,Vasco da Gama,23-119,2002,3.6,0,1,0,0.0,0.28,0.00,0.00,,28.5,0,0,0
227,Joaquín Correa,ar ARG,MF,Botafogo (RJ),30-336,1994,0.3,0,3,1,33.3,9.64,3.21,0.00,0.00,22.6,1,0,0
228,Philippe Coutinho,br BRA,MF,Vasco da Gama,33-033,1992,7.3,0,22,10,45.5,03.01,1.37,0.00,0.00,27.8,5,0,0
"229,Franco Cristaldo,ar ARG,""MF,FW"",Grêmio,28-334,1996,6.5,0,9,2,22.2,1.39,0.31,0.00,0.00,19.2,1,0,0"
230,Gustavo Cuellar,co COL,MF,Grêmio,32-274,1992,0.9,0,0,0,,0.00,0.00,,,,0,0,0
231,Lucas Cunha,br BRA,DF,Sport Recife,28-173,1997,4.8,0,0,0,,0.00,0.00,,,,0,0,0
"232,Danielzinho,br BRA,""MF,FW"",Mirassol,30-253,1994,11.0,0,13,2,15.4,1.18,0.18,0.00,0.00,21.4,2,0,0"
233,David,br BRA,FW,Vasco da Gama,29-271,1995,0.1,0,0,0,,0.00,0.00,,,,0,0,0
"234,Matheus Davó,br BRA,""FW,MF"",Mirassol,25-333,1999,0.4,0,2,0,0.0,5.14,0.00,0.00,,10.9,0,0,0"
235,Nicolás De La Cruz,uy URU,MF,Flamengo,28-044,1997,6.3,0,3,2,66.7,0.48,0.32,0.00,0.00,23.2,0,0,0
236,Gabriel Delfim,br BRA,GK,Atlético Mineiro,23-005,2002,1.0,0,0,0,,0.00,0.00,,,,0,0,0
237,Enzo Díaz,ar ARG,DF,São Paulo,29-220,1995,9.1,0,5,1,20.0,0.55,0.11,0.00,0.00,27.4,1,0,0
"238,Lautaro Díaz,ar ARG,""FW,MF"",Cruzeiro,27-055,1998,0.8,0,1,1,100.0,1.18,1.18,0.00,0.00,29.5,0,0,0"
239,Dieguinho,br BRA,MF,Ceará,29-257,1995,11.7,0,2,1,50.0,0.17,0.09,0.00,0.00,31.2,0,0,0
240,Dieguinho,br BRA,FW,Corinthians,17-364,2007,0.3,0,0,0,,0.00,0.00,,,,0,0,0
241,Dodi,br BRA,MF,Grêmio,29-089,1996,8.4,0,4,0,0.0,0.48,0.00,0.00,,31.0,0,0,0
242,Fabricio Domínguez,uy URU,MF,Sport Recife,27-021,1998,1.1,0,2,0,0.0,1.80,0.00,0.00,,11.5,0,0,0
243,Matheus Donelli,br BRA,GK,Corinthians,23-059,2002,5.0,0,0,0,,0.00,0.00,,,,0,0,0
244,Thiago dos Santos,br BRA,MF,Fluminense,35-313,1989,0.9,0,0,0,,0.00,0.00,,,,0,0,0
245,David Duarte,br BRA,DF,Bahia,30-172,1995,9.9,0,4,0,0.0,0.41,0.00,0.00,,10.5,0,0,0
"246,Dudu,br BRA,""MF,FW"",Atlético Mineiro,33-189,1992,1.5,0,0,0,,0.00,0.00,,,,0,0,0"
247,Eder,br BRA,DF,Ceará,30-101,1995,1.0,0,1,0,0.0,1.00,0.00,0.00,,7.2,0,0,0
248,EDU,br BRA,DF,Vitória,25-029,2000,4.1,0,4,1,25.0,0.98,0.24,0.00,0.00,10.7,0,0,0
"249,Carlos Eduardo,br BRA,""MF,FW"",Cruzeiro,35-271,1989,2.6,0,4,1,25.0,1.53,0.38,0.00,0.00,15.2,1,0,0"
"250,Carlos Eduardo,br BRA,""FW,DF"",Vitória,28-278,1996,0.5,0,1,0,0.0,2.20,0.00,0.00,,26.1,0,0,0"
"251,Alysson Edward,br BRA,""FW,MF"",Grêmio,19-071,2006,4.7,0,10,3,30.0,2.12,0.64,0.00,0.00,19.7,0,0,0"
252,Rodrigo Ely,br BRA,DF,Grêmio,31-254,1993,0.4,0,0,0,,0.00,0.00,,,,0,0,0
"253,Erick,br BRA,""FW,MF"",Vitória,27-217,1997,5.3,0,11,4,36.4,02.08,0.75,0.00,0.00,23.7,0,0,0"
254,Gonzalo Escobar,ar ARG,DF,Santos,28-121,1997,10.7,0,7,1,14.3,0.65,0.09,0.00,0.00,19.6,0,0,0
255,Lucas Esteves,br BRA,DF,Grêmio,25-021,2000,4.7,0,5,1,20.0,01.07,0.21,0.00,0.00,27.8,1,0,0
256,Lucas Evangelista,br BRA,MF,Palmeiras,30-070,1995,3.9,0,5,1,20.0,1.29,0.26,0.00,0.00,22.4,0,0,0
257,Éverson,br BRA,GK,Atlético Mineiro,34-358,1990,12.0,0,0,0,,0.00,0.00,,,,0,0,0
258,Ewerton,br BRA,DF,Juventude,24-247,2000,9.8,0,8,2,25.0,0.82,0.20,0.00,0.00,27.7,3,0,0
259,Fabinho,br BRA,MF,RB Bragantino,23-097,2002,2.4,0,3,1,33.3,1.24,0.41,0.00,0.00,25.5,0,0,0
260,Fábio,br BRA,GK,Fluminense,44-288,1980,11.0,0,0,0,,0.00,0.00,,,,0,0,0
"261,Fabrício,br BRA,""FW,MF"",Mirassol,28-114,1997,3.3,0,10,1,10.0,2.99,0.30,0.00,0.00,21.2,0,0,0"
"262,Fabrício,br BRA,""FW,MF"",Vitória,24-280,2000,2.5,0,9,1,11.1,3.65,0.41,0.00,0.00,15.7,0,0,0"
263,Fagner,br BRA,DF,Cruzeiro,36-034,1989,6.2,0,2,0,0.0,0.32,0.00,0.00,,24.1,0,0,0
264,Marcos Felipe,br BRA,GK,Bahia,29-093,1996,9.8,0,0,0,,0.00,0.00,,,,0,0,0
265,Matheus Fernandes,br BRA,MF,RB Bragantino,27-015,1998,3.8,0,4,0,0.0,01.05,0.00,0.00,,25.6,0,0,0
266,Fernandinho,br BRA,FW,Ceará,27-361,1997,1.6,0,5,2,40.0,3.15,1.26,0.00,0.00,21.6,0,0,0
"267,Fernando,br BRA,""MF,DF"",Internacional,37-355,1987,4.6,0,3,3,100.0,0.66,0.66,0.00,0.00,11.6,0,0,0"
268,Nahuel Ferraresi,ve VEN,DF,São Paulo,26-238,1998,7.2,0,2,1,50.0,0.28,0.14,0.00,0.00,15.4,0,0,0
269,Bruno Ferreira,br BRA,GK,Ceará,31-121,1994,4.7,0,0,0,,0.00,0.00,,,,0,0,0
270,Lucas Ferreira,br BRA,FW,São Paulo,19-078,2006,8.4,0,15,5,33.3,1.79,0.60,0.00,0.00,22.4,0,0,0
271,Luiz Filipe,br BRA,FW,Mirassol,24-048,2001,0.2,0,1,0,0.0,6.43,0.00,0.00,,26.1,0,0,0
272,André Filipinho,br BRA,DF,Juventude,28-183,1997,3.4,0,2,0,0.0,0.59,0.00,0.00,,18.6,0,0,0
273,Caíque França,br BRA,GK,Sport Recife,30-042,1995,11.0,0,0,0,,0.00,0.00,,,,0,0,0
274,Alan Franco,ec ECU,MF,Atlético Mineiro,26-328,1998,8.5,0,2,0,0.0,0.24,0.00,0.00,,27.7,0,0,0
275,Alan Franco,ar ARG,DF,São Paulo,28-277,1996,9.0,0,4,0,0.0,0.44,0.00,0.00,,9.0,0,0,0
276,Lucas Freitas,br BRA,DF,Vasco da Gama,24-176,2001,8.2,0,2,0,0.0,0.24,0.00,0.00,,9.8,0,0,0
277,Riquelme Freitas,br BRA,MF,Grêmio,18-336,2006,0.3,0,1,0,0.0,3.75,0.00,0.00,,26.7,0,0,0
278,Juan Freytes,ar ARG,DF,Fluminense,25-185,2000,11.0,0,7,2,28.6,0.64,0.18,0.00,0.00,21.0,0,0,0
279,Bruno Fuchs,br BRA,DF,Palmeiras,26-105,1999,4.6,0,1,0,0.0,0.22,0.00,0.00,,8.7,0,0,0
280,Gabriel Fuentes,co COL,DF,Fluminense,28-156,1997,3.0,0,1,0,0.0,0.33,0.00,0.00,,34.6,0,0,0
281,Gabriel,br BRA,DF,Bahia,24-070,2001,1.5,0,0,0,,0.00,0.00,,,,0,0,0
282,Gabriel,br BRA,GK,Vitória,32-291,1992,1.0,0,0,0,,0.00,0.00,,,,0,0,0
283,Gabriel,br BRA,GK,Sport Recife,32-291,1992,1.0,0,0,0,,0.00,0.00,,,,0,0,0
"284,Emerson Galego,br BRA,""FW,MF"",Juventude,25-339,1999,0.3,0,0,0,,0.00,0.00,,,,0,0,0"
285,Mateo Gamarra,py PAR,DF,Cruzeiro,24-268,2000,1.7,0,1,0,0.0,0.58,0.00,0.00,,12.0,0,0,0
286,Ganso,br BRA,MF,Fluminense,35-276,1989,3.1,0,3,0,0.0,0.98,0.00,0.00,,19.0,0,0,0
"287,Maurício Garcez,br BRA,""FW,MF"",Juventude,28-121,1997,0.7,0,1,0,0.0,1.48,0.00,0.00,,13.8,0,0,0"
"288,Benjamín Garré,ar ARG,""FW,MF"",Vasco da Gama,25-004,2000,3.0,0,2,0,0.0,0.66,0.00,0.00,,18.9,0,0,0"
289,Rodrigo Garro,ar ARG,MF,Corinthians,27-192,1998,2.5,0,4,1,25.0,1.60,0.40,0.00,0.00,21.3,2,0,0
"290,Gerson,br BRA,""FW,MF"",Flamengo,28-056,1997,7.9,0,7,4,57.1,0.89,0.51,0.00,0.00,15.7,0,0,0"
291,Agustín Giay,ar ARG,DF,Palmeiras,21-180,2004,9.8,0,5,0,0.0,0.51,0.00,0.00,,21.8,0,0,0
292,Gil,br BRA,DF,Santos,38-033,1987,6.0,0,5,0,0.0,0.83,0.00,0.00,,12.9,0,0,0
"293,Giovanny,br BRA,""FW,MF"",Juventude,27-299,1997,4.0,0,8,0,0.0,1.99,0.00,0.00,,23.9,1,0,0"
294,Daniel Giraldo,co COL,MF,Juventude,33-014,1992,5.5,0,2,0,0.0,0.36,0.00,0.00,,25.9,0,0,0
295,Leonardo Godoy,ar ARG,DF,Santos,30-078,1995,4.6,0,0,0,,0.00,0.00,,,,0,0,0
296,Davi Goes,br BRA,MF,Juventude,20-023,2005,0.7,0,1,0,0.0,1.41,0.00,0.00,,25.1,0,0,0
297,Fredi Gomes,br BRA,DF,Bahia,19-053,2006,1.0,0,0,0,,0.00,0.00,,,,0,0,0
298,Gustavo Gómez,py PAR,DF,Palmeiras,32-070,1993,7.9,0,4,1,25.0,0.51,0.13,0.00,0.00,10.4,0,0,0
299,Matheus Gonçalves,br BRA,FW,Flamengo,19-331,2005,0.4,0,1,1,100.0,2.43,2.43,0.00,0.00,27.6,0,0,0
300,Gregore,br BRA,MF,Botafogo (RJ),31-135,1994,10.6,0,8,1,12.5,0.76,0.09,0.00,0.00,21.6,0,0,0
301,Gustavinho,br BRA,MF,RB Bragantino,21-083,2004,0.8,0,1,0,0.0,1.23,0.00,0.00,,31.9,0,0,0
302,Gustavo,br BRA,GK,Juventude,32-127,1993,6.5,0,0,0,,0.00,0.00,,,,0,0,0
303,Luiz Gustavo,br BRA,MF,São Paulo,37-357,1987,1.0,0,2,0,0.0,2.00,0.00,0.00,,12.8,0,0,0
304,Luiz Gustavo,br BRA,DF,Vasco da Gama,19-094,2006,3.2,0,1,0,0.0,0.31,0.00,0.00,,8.5,0,0,0
305,Ryan Gustavo,br BRA,MF,Corinthians,22-000,2003,2.5,0,1,0,0.0,0.41,0.00,0.00,,17.6,0,0,0
306,Henrique,br BRA,FW,São Paulo,18-248,2006,0.0,0,0,0,,0.00,0.00,,,,0,0,0
"307,Dalbert Henrique,br BRA,""DF,FW"",Sport Recife,31-310,1993,1.2,0,0,0,,0.00,0.00,,,,0,0,0"
308,Gustavo Henrique,br BRA,DF,Corinthians,32-113,1993,4.0,0,4,0,0.0,1.00,0.00,0.00,,8.6,0,0,0
309,Matheus Henrique,br BRA,MF,Cruzeiro,27-208,1997,2.0,0,0,0,,0.00,0.00,,,,0,0,0
310,Paulo Henrique,br BRA,DF,Vasco da Gama,28-355,1996,10.7,0,7,2,28.6,0.65,0.19,0.00,0.00,20.2,0,0,0
311,Pedro Henrique,br BRA,DF,RB Bragantino,29-286,1995,12.0,0,6,1,16.7,0.50,0.08,0.00,0.00,14.9,0,0,0
312,Diogo Hereda,br BRA,DF,Sport Recife,26-298,1998,9.4,0,13,2,15.4,1.38,0.21,0.00,0.00,26.5,0,0,0
313,Marcelo Hermes,br BRA,DF,Juventude,30-164,1995,1.0,0,0,0,,0.00,0.00,,,,0,0,0
"314,Lucca Holanda,br BRA,""FW,MF"",Internacional,22-104,2003,1.8,0,4,0,0.0,2.24,0.00,0.00,,10.8,0,0,0"
315,Hudson,br BRA,MF,Juventude,24-182,2001,0.7,0,0,0,,0.00,0.00,,,,0,0,0
316,Hugo,br BRA,DF,Corinthians,27-320,1997,1.7,0,2,1,50.0,1.17,0.58,0.00,0.00,24.1,0,0,0
317,Vitor Hugo,br BRA,DF,Atlético Mineiro,34-056,1991,2.1,0,2,0,0.0,0.94,0.00,0.00,,15.0,0,0,0
318,José Hurtado,ec ECU,DF,RB Bragantino,23-204,2001,9.5,0,8,1,12.5,0.84,0.11,0.00,0.00,21.0,0,0,0
319,Hyan,br BRA,MF,Santos,21-113,2004,0.1,0,0,0,,0.00,0.00,,,,0,0,0
"320,Iago,br BRA,""DF,MF"",Bahia,28-114,1997,2.3,0,3,1,33.3,1.30,0.43,0.00,0.00,17.8,0,0,0"
321,Ignácio,br BRA,DF,Fluminense,28-226,1996,4.1,0,4,2,50.0,0.98,0.49,0.00,0.00,10.3,0,0,0
322,Juan Ignacio Dinenno,ar ARG,FW,Cruzeiro,30-321,1994,0.1,0,0,0,,0.00,0.00,,,,0,0,0
323,Juan Ignacio Dinenno,ar ARG,FW,São Paulo,30-321,1994,0.5,0,0,0,,0.00,0.00,,,,0,0,0
324,Isaac,br BRA,DF,Atlético Mineiro,21-111,2004,0.1,0,0,0,,0.00,0.00,,,,0,0,0
325,Isaque,br BRA,MF,Fluminense,18-082,2007,0.2,0,0,0,,0.00,0.00,,,,0,0,0
326,Jadson,br BRA,MF,Juventude,31-319,1993,10.9,0,5,2,40.0,0.46,0.18,0.00,0.00,15.3,0,0,0
327,Jair,br BRA,MF,Vasco da Gama,30-323,1994,3.9,0,2,0,0.0,0.51,0.00,0.00,,16.8,0,0,0
328,Jamerson,br BRA,DF,Vitória,26-309,1998,11.4,0,14,5,35.7,1.23,0.44,0.00,0.00,26.6,2,0,0
329,Léo Jardim,br BRA,GK,Vasco da Gama,30-117,1995,13.0,0,0,0,,0.00,0.00,,,,0,0,0
330,Jeffinho,br BRA,MF,Botafogo (RJ),25-197,1999,0.6,0,2,0,0.0,3.21,0.00,0.00,,16.2,0,0,0
331,Caíque de Jesus Gonçalves,br BRA,MF,Juventude,29-278,1995,3.8,0,1,0,0.0,0.26,0.00,0.00,,31.7,0,0,0
332,Maykon Jesus,br BRA,DF,Vitória,19-220,2005,1.5,0,2,1,50.0,1.32,0.66,0.00,0.00,21.2,0,0,0
333,John,br BRA,GK,Botafogo (RJ),29-152,1996,12.0,0,0,0,,0.00,0.00,,,,0,0,0
334,Jonathan,br BRA,DF,Cruzeiro,21-049,2004,3.2,0,0,0,,0.00,0.00,,,,0,0,0
335,Jorginho,it ITA,MF,Flamengo,33-207,1991,0.9,0,0,0,,0.00,0.00,,,,0,0,0
336,José,br BRA,DF,Cruzeiro,19-318,2005,0.0,0,0,0,,0.00,0.00,,,,0,0,0
337,Juninho,br BRA,FW,Flamengo,28-236,1996,2.4,0,8,2,25.0,3.40,0.85,0.00,0.00,15.9,0,0,0
338,Juninho,br BRA,DF,Internacional,29-201,1995,5.0,0,5,1,20.0,1.00,0.20,0.00,0.00,11.1,0,0,0
339,Kaiki,br BRA,DF,Cruzeiro,22-129,2003,12.9,0,16,1,6.3,1.24,0.08,0.00,0.00,15.5,0,0,0
340,Walter Kannemann,ar ARG,DF,Grêmio,34-123,1991,4.7,0,3,0,0.0,0.64,0.00,0.00,,7.8,0,0,0
341,Kanu,br BRA,DF,Bahia,28-130,1997,1.1,0,0,0,,0.00,0.00,,,,0,0,0
342,Kayke,br BRA,FW,Corinthians,21-078,2004,0.1,0,1,0,0.0,6.92,0.00,0.00,,25.6,0,0,0
343,Kenji,br BRA,FW,Cruzeiro,19-166,2006,0.1,0,0,0,,0.00,0.00,,,,0,0,0
344,Keno,br BRA,FW,Fluminense,35-308,1989,1.1,0,4,1,25.0,3.75,0.94,0.00,0.00,16.0,0,0,0
345,Kevyson,br BRA,DF,Santos,21-108,2004,0.2,0,0,0,,0.00,0.00,,,,0,0,0
"346,Kevyson,br BRA,""DF,MF"",Sport Recife,21-108,2004,0.5,0,0,0,,0.00,0.00,,,,0,0,0"
347,Benjamín Kuscevic,cl CHI,DF,Fortaleza,29-074,1996,11.9,0,3,0,0.0,0.25,0.00,0.00,,10.1,0,0,0
348,Joaquín Lavega,uy URU,DF,Fluminense,20-162,2005,0.1,0,0,0,,0.00,0.00,,,,0,0,0
349,Lelê,br BRA,FW,Ceará,27-287,1997,1.2,0,6,3,50.0,4.91,2.45,0.00,0.00,12.1,0,0,0
350,Mauricio Lemos,uy URU,DF,Vasco da Gama,29-199,1995,1.0,0,0,0,,0.00,0.00,,,,0,0,0
351,Rubén Lezcano,py PAR,MF,Fluminense,21-156,2004,0.5,0,2,0,0.0,4.19,0.00,0.00,,22.7,0,0,0
352,Lucas Lima,br BRA,MF,Ceará,25-011,2000,0.4,0,0,0,,0.00,0.00,,,,0,0,0
"353,Lucas Lima,br BRA,""MF,FW"",Sport Recife,35-006,1990,9.7,0,12,5,41.7,1.24,0.52,0.00,0.00,22.1,2,0,0"
354,Kauan Lindes,br BRA,MF,Botafogo (RJ),21-229,2003,0.3,0,0,0,,0.00,0.00,,,,0,0,0
355,Lenny Lobato,br BRA,FW,Sport Recife,24-162,2001,2.7,0,8,1,12.5,2.95,0.37,0.00,0.00,16.9,0,0,0
356,David Loiola,br BRA,DF,Botafogo (RJ),22-206,2002,5.5,0,1,0,0.0,0.18,0.00,0.00,,7.0,0,0,0
357,Renzo López,uy URU,FW,Vitória,31-090,1994,0.2,0,2,2,100.0,8.57,8.57,0.00,0.00,18.9,0,0,0
358,Lourenço,br BRA,MF,Ceará,27-311,1997,3.3,0,6,2,33.3,1.82,0.61,0.00,0.00,25.2,1,0,0
359,Lucão,br BRA,GK,RB Bragantino,24-139,2001,2.0,0,0,0,,0.00,0.00,,,,0,0,0
360,Jean Lucas,br BRA,MF,Bahia,27-023,1998,8.8,0,10,1,10.0,1.14,0.11,0.00,0.00,18.7,0,0,0
361,João Lucas,br BRA,DF,Grêmio,27-128,1998,0.5,0,0,0,,0.00,0.00,,,,0,0,0
362,Zé Lucas,br BRA,MF,Sport Recife,17-114,2008,5.7,0,6,1,16.7,01.05,0.17,0.00,0.00,18.9,0,0,0
"363,Luighi,br BRA,""FW,DF"",Palmeiras,19-076,2006,0.6,0,2,0,0.0,3.21,0.00,0.00,,18.3,0,0,0"
364,Victor Luis,br BRA,DF,Vasco da Gama,32-022,1993,1.0,0,1,1,100.0,1.00,1.00,0.00,0.00,10.1,0,0,0
365,Luisão,br BRA,DF,Santos,21-309,2003,1.9,0,2,0,0.0,01.07,0.00,0.00,,19.8,0,0,0
366,David Luiz,br BRA,DF,Fortaleza,38-084,1987,4.4,0,6,1,16.7,1.35,0.23,0.00,0.00,17.4,2,0,0
367,Guilherme Luiz,br BRA,FW,Ceará,20-081,2005,1.3,0,1,0,0.0,0.78,0.00,0.00,,14.2,0,0,0
368,Lyanco,br BRA,DF,Atlético Mineiro,28-164,1997,9.0,0,8,3,37.5,0.89,0.33,0.00,0.00,18.8,0,0,0
"369,Everton Maceió,br BRA,""FW,MF"",Mirassol,22-001,2003,1.5,0,5,1,20.0,3.41,0.68,0.00,0.00,20.9,0,0,0"
370,Willian Machado,br BRA,DF,Ceará,28-244,1996,11.8,0,9,1,11.1,0.76,0.08,0.00,0.00,13.7,0,0,0
"371,Talles Magno,br BRA,""MF,FW"",Corinthians,23-019,2002,4.5,0,12,2,16.7,2.69,0.45,0.00,0.00,14.2,0,0,0"
372,Gustavo Maia,br BRA,FW,Sport Recife,24-174,2001,0.2,0,1,1,100.0,5.29,5.29,0.00,0.00,25.3,0,0,0
373,Pablo Maia,br BRA,MF,São Paulo,23-186,2002,3.5,0,2,0,0.0,0.57,0.00,0.00,,29.0,0,0,0
374,Léo Mana,br BRA,DF,Corinthians,21-100,2004,1.5,0,0,0,,0.00,0.00,,,,0,0,0
375,Gustavo Mancha,br BRA,DF,Fortaleza,20-355,2004,9.4,0,4,2,50.0,0.43,0.21,0.00,0.00,16.7,0,0,0
"376,Eros Mancuso,ar ARG,""DF,FW"",Fortaleza,26-089,1999,6.6,0,5,0,0.0,0.76,0.00,0.00,,24.7,0,0,0"
"377,Elias Manoel,br BRA,""MF,FW"",Botafogo (RJ),23-227,2001,0.3,0,0,0,,0.00,0.00,,,,0,0,0"
378,Fernando Marçal,br BRA,DF,Botafogo (RJ),36-146,1989,0.3,0,0,0,,0.00,0.00,,,,0,0,0
379,Marcão,br BRA,GK,Juventude,33-131,1992,5.5,0,0,0,,0.00,0.00,,,,0,0,0
380,Zé Marcos,br BRA,DF,Vitória,27-164,1998,9.5,0,2,0,0.0,0.21,0.00,0.00,,22.4,0,0,0
381,Marinho,br BRA,FW,Fortaleza,35-047,1990,4.7,0,13,2,15.4,2.79,0.43,0.00,0.00,24.1,1,0,0
382,Marlon,br BRA,DF,Cruzeiro,28-056,1997,0.1,0,0,0,,0.00,0.00,,,,0,0,0
383,Marlon,br BRA,DF,Grêmio,28-056,1997,8.0,0,3,1,33.3,0.37,0.12,0.00,0.00,20.6,1,0,0
"384,Lucca Marques,br BRA,""FW,MF"",São Paulo,18-031,2007,1.3,0,3,0,0.0,2.39,0.00,0.00,,22.1,0,0,0"
385,Marquinhos,br BRA,FW,Cruzeiro,22-099,2003,1.5,0,3,0,0.0,1.94,0.00,0.00,,20.0,1,0,0
386,Alejandro Martínez,ar ARG,FW,Ceará,28-090,1997,0.5,0,1,1,100.0,1.84,1.84,0.00,0.00,34.6,0,0,0
387,Adriano Martins,br BRA,DF,Juventude,28-105,1997,4.0,0,3,0,0.0,0.75,0.00,0.00,,9.3,0,0,0
"388,Matheus Martins,br BRA,""FW,MF"",Botafogo (RJ),21-364,2003,3.1,0,5,3,60.0,1.61,0.96,0.00,0.00,16.5,0,0,0"
389,Gustavo Martins Santos,br BRA,DF,Grêmio,22-338,2002,2.7,0,3,3,100.0,1.12,1.12,0.00,0.00,12.3,0,0,0
390,Matheuzinho,br BRA,DF,Corinthians,24-310,2000,9.9,0,5,1,20.0,0.51,0.10,0.00,0.00,24.7,0,0,0
391,Guillermo Matías Fernández,ar ARG,MF,Fortaleza,33-277,1991,3.2,0,3,1,33.3,0.94,0.31,0.00,0.00,20.4,0,0,0
392,Maycon,br BRA,MF,Corinthians,28-000,1997,5.8,0,2,0,0.0,0.35,0.00,0.00,,27.3,0,0,0
393,Mayke,br BRA,DF,Palmeiras,32-247,1992,1.3,0,1,0,0.0,0.74,0.00,0.00,,18.0,0,0,0
"394,Luca Meirelles,br BRA,""MF,FW"",Santos,18-122,2007,0.2,0,0,0,,0.00,0.00,,,,0,0,0"
395,Nathan Mendes,br BRA,DF,RB Bragantino,22-330,2002,1.2,0,1,0,0.0,0.83,0.00,0.00,,30.9,0,0,0
396,Vinicius Mendonça,br BRA,FW,RB Bragantino,21-145,2004,8.1,0,13,5,38.5,1.60,0.62,0.00,0.00,18.7,0,0,0
397,Jean Meneses,cl CHI,FW,Vasco da Gama,32-121,1993,0.0,0,0,0,,0.00,0.00,,,,0,0,0
398,Gabriel Menino,br BRA,MF,Atlético Mineiro,24-289,2000,4.6,0,4,1,25.0,0.88,0.22,0.00,0.00,19.9,0,0,0
399,Micael,br BRA,DF,Palmeiras,24-337,2000,6.0,0,1,1,100.0,0.17,0.17,0.00,0.00,10.7,0,0,0
400,Fernando Miguel,br BRA,GK,Ceará,40-163,1985,7.3,0,0,0,,0.00,0.00,,,,0,0,0
"401,Moises,br BRA,""FW,MF"",Fortaleza,28-316,1996,1.6,0,4,1,25.0,2.57,0.64,0.00,0.00,17.2,0,0,0"
"402,Miguel Monsalve,co COL,""FW,MF"",Grêmio,21-138,2004,3.3,0,3,1,33.3,0.92,0.31,0.00,0.00,20.6,0,0,0"
403,Álvaro Montoro,ar ARG,FW,Botafogo (RJ),18-089,2007,0.9,0,2,1,50.0,2.22,1.11,0.00,0.00,14.5,0,0,0
404,Aníbal Moreno,ar ARG,MF,Palmeiras,26-063,1999,3.9,0,4,1,25.0,01.02,0.26,0.00,0.00,27.6,0,0,0
405,Henry Mosquera,co COL,FW,RB Bragantino,23-242,2001,3.8,0,11,4,36.4,2.91,01.06,0.00,0.00,20.3,0,0,0
"406,Gustavo Mosquito,br BRA,""FW,MF"",Vitória,27-311,1997,5.3,0,8,4,50.0,1.50,0.75,0.00,0.00,15.9,0,0,0"
407,Hugo Moura,br BRA,MF,Vasco da Gama,27-193,1998,10.5,0,7,3,42.9,0.66,0.28,0.00,0.00,18.9,0,0,0
408,Lucas Moura,br BRA,FW,São Paulo,32-336,1992,0.3,0,0,0,,0.00,0.00,,,,0,0,0
409,Neto Moura,br BRA,MF,Mirassol,28-343,1996,7.2,0,3,0,0.0,0.42,0.00,0.00,,32.1,0,0,0
410,Alex Muralha,br BRA,GK,Mirassol,35-247,1989,6.0,0,0,0,,0.00,0.00,,,,0,0,0
411,Nata,br BRA,MF,Juventude,24-040,2001,0.3,0,0,0,,0.00,0.00,,,,0,0,0
412,Natanael,br BRA,DF,Atlético Mineiro,23-191,2002,10.9,0,9,3,33.3,0.82,0.27,0.00,0.00,22.6,0,0,0
413,Nathan,br BRA,DF,Internacional,23-313,2001,1.0,0,1,0,0.0,1.00,0.00,0.00,,14.0,0,0,0
"414,Nathan,br BRA,""MF,FW"",Grêmio,29-124,1996,1.0,0,3,2,66.7,3.00,2.00,0.00,0.00,26.5,0,0,0"
415,Kaiky Naves,br BRA,DF,Palmeiras,23-068,2002,0.2,0,0,0,,0.00,0.00,,,,0,0,0
416,Negueba,br BRA,FW,Mirassol,25-224,1999,4.1,0,8,1,12.5,1.94,0.24,0.00,0.00,22.8,0,0,0
"417,Nenê,br BRA,""MF,FW"",Juventude,43-361,1981,2.3,0,7,1,14.3,3.00,0.43,0.00,0.00,25.2,2,0,0"
418,Neris,br BRA,DF,Vitória,33-028,1992,1.5,0,1,1,100.0,0.67,0.67,0.00,0.00,9.1,0,0,0
419,Rodrigo Nestor,br BRA,MF,Bahia,24-340,2000,2.6,0,3,1,33.3,1.15,0.38,0.00,0.00,32.0,1,0,0
420,José Vitor Silva Neves,br BRA,FW,Mirassol,25-074,2000,0.3,0,0,0,,0.00,0.00,,,,0,0,0
421,Newton,br BRA,MF,Botafogo (RJ),25-125,2000,1.3,0,0,0,,0.00,0.00,,,,0,0,0
"422,Neymar,br BRA,""MF,FW"",Santos,33-160,1992,2.0,0,6,3,50.0,3.00,1.50,0.00,0.00,13.8,1,0,0"
423,Nicolas,br BRA,DF,Ceará,28-141,1997,2.1,0,1,0,0.0,0.47,0.00,0.00,,29.4,0,0,0
424,Nonato,br BRA,MF,Fluminense,27-134,1998,3.9,0,4,1,25.0,01.03,0.26,0.00,0.00,24.4,0,0,0
425,Christian Ortiz,ar ARG,MF,Sport Recife,32-329,1992,2.0,0,7,3,42.9,3.54,1.52,0.00,0.00,28.0,2,0,0
426,Leo Ortiz,br BRA,DF,Flamengo,29-193,1996,11.0,0,8,3,37.5,0.73,0.27,0.00,0.00,13.8,0,0,0
"427,Oscar,br BRA,""FW,MF"",São Paulo,33-309,1991,2.9,0,3,2,66.7,01.04,0.69,0.00,0.00,14.7,0,0,0"
"428,Osvaldo,br BRA,""FW,MF"",Vitória,38-095,1987,3.2,0,8,2,25.0,2.48,0.62,0.00,0.00,25.3,0,0,0"
"429,Luis Otávio,br BRA,""MF,FW"",Internacional,18-094,2007,0.9,0,0,0,,0.00,0.00,,,,0,0,0"
430,João Othavio Basso,br BRA,DF,Santos,28-183,1997,2.8,0,0,0,,0.00,0.00,,,,0,0,0
431,Ruan Pablo,br BRA,FW,Bahia,16-357,2008,0.1,0,2,1,50.0,20.00,10.00,0.00,0.00,7.0,0,0,0
432,Bruno Pacheco,br BRA,DF,Fortaleza,33-219,1991,3.0,0,0,0,,0.00,0.00,,,,0,0,0
433,Gonçalo Paciência,pt POR,FW,Sport Recife,30-348,1994,1.4,0,4,0,0.0,2.95,0.00,0.00,,14.2,0,0,0
434,Brahian Palacios,co COL,MF,Atlético Mineiro,22-233,2002,0.1,0,0,0,,0.00,0.00,,,,0,0,0
435,Sergio Palacios,co COL,DF,RB Bragantino,20-151,2005,0.3,0,0,0,,0.00,0.00,,,,0,0,0
436,Kaio Pantaleão,br BRA,DF,Botafogo (RJ),29-310,1995,1.0,0,3,1,33.3,3.00,1.00,0.00,0.00,9.9,0,0,0
437,Jair Paula,br BRA,DF,Botafogo (RJ),20-130,2005,11.0,0,8,1,12.5,0.73,0.09,0.00,0.00,13.0,0,0,0
438,Patrick de Paula,br BRA,MF,Botafogo (RJ),25-310,1999,3.2,0,6,0,0.0,1.90,0.00,0.00,,30.4,0,0,0
"439,Paulinho,br BRA,""MF,FW"",Vasco da Gama,28-188,1997,2.3,0,0,0,,0.00,0.00,,,,0,0,0"
"440,Paulinho,br BRA,""MF,FW"",Palmeiras,25-000,2000,2.5,0,5,1,20.0,02.01,0.40,0.00,0.00,23.5,0,0,0"
441,Caio Paulista,br BRA,DF,Atlético Mineiro,27-065,1998,2.3,0,9,0,0.0,3.86,0.00,0.00,,20.0,0,0,0
442,Marcos Paulo,br BRA,DF,Juventude,22-178,2003,6.5,0,3,2,66.7,0.46,0.31,0.00,0.00,23.6,0,0,0
"443,Cristian Pavón,ar ARG,""FW,MF"",Grêmio,29-175,1996,3.7,0,10,3,30.0,2.68,0.80,0.00,0.00,26.0,0,0,0"
444,Dimitri Payet,fr FRA,MF,Vasco da Gama,38-108,1987,2.1,0,2,0,0.0,0.94,0.00,0.00,,21.6,0,0,0
445,João Pedro Chermont,br BRA,DF,Santos,19-178,2006,2.8,0,2,1,50.0,0.72,0.36,0.00,0.00,26.4,0,0,0
446,João Pedro,br BRA,DF,Corinthians,21-196,2003,1.5,0,1,0,0.0,0.67,0.00,0.00,,13.7,0,0,0
447,João Pedro,br BRA,DF,Grêmio,28-242,1996,4.2,0,1,1,100.0,0.24,0.24,0.00,0.00,23.7,0,0,0
448,João Pedro Pepê,br BRA,MF,Vitória,27-190,1998,2.1,0,0,0,,0.00,0.00,,,,0,0,0
"449,Peixoto,br BRA,""MF,FW"",Juventude,28-015,1997,0.4,0,0,0,,0.00,0.00,,,,0,0,0"
450,Luan Peres Petroni,br BRA,DF,Santos,30-361,1994,5.0,0,1,1,100.0,0.20,0.20,0.00,0.00,12.9,0,0,0
"451,Pernambuco,br BRA,""FW,MF"",Juventude,27-078,1998,0.6,0,2,0,0.0,3.16,0.00,0.00,,16.4,0,0,0"
452,Petterson,br BRA,MF,Juventude,21-192,2004,0.9,0,3,0,0.0,3.38,0.00,0.00,,18.4,0,0,0
453,Rafael Pires,br BRA,GK,São Paulo,36-022,1989,13.0,0,0,0,,0.00,0.00,,,,0,0,0
454,Lucas Piton,br BRA,DF,Vasco da Gama,24-279,2000,12.0,0,3,0,0.0,0.25,0.00,0.00,,23.0,0,0,0
455,Lucca Prior,br BRA,FW,Fortaleza,21-153,2004,1.2,0,2,0,0.0,1.71,0.00,0.00,,22.1,0,0,0
456,Du Queiroz,br BRA,MF,Sport Recife,25-177,2000,6.8,0,6,1,16.7,0.88,0.15,0.00,0.00,18.1,0,0,0
"457,Igor Rabello,br BRA,""DF,FW"",Atlético Mineiro,30-078,1995,1.1,0,0,0,,0.00,0.00,,,,0,0,0"
458,Zé Rafael,br BRA,MF,Santos,32-029,1993,3.6,0,3,0,0.0,0.83,0.00,0.00,,24.4,1,0,0
459,André Ramalho,br BRA,DF,Corinthians,33-149,1992,8.0,0,2,0,0.0,0.25,0.00,0.00,,12.8,0,0,0
460,Ramon,br BRA,DF,Internacional,24-124,2001,3.7,0,4,1,25.0,01.09,0.27,0.00,0.00,23.4,0,0,0
461,Santi Ramos Mingo,ar ARG,DF,Bahia,23-236,2001,13.0,0,6,0,0.0,0.46,0.00,0.00,,10.3,0,0,0
462,Rafael Ramos,pt POR,DF,Ceará,30-187,1995,2.9,0,2,1,50.0,0.69,0.34,0.00,0.00,28.2,0,0,0
463,Raniele,br BRA,MF,Corinthians,28-196,1996,7.8,0,3,1,33.3,0.39,0.13,0.00,0.00,17.1,0,0,0
464,Raykkonen,br BRA,FW,Internacional,17-002,2008,0.3,0,0,0,,0.00,0.00,,,,0,0,0
465,Reginaldo,br BRA,DF,Juventude,32-143,1993,2.2,0,1,0,0.0,0.45,0.00,0.00,,31.0,0,0,0
466,Rezende,br BRA,MF,Bahia,30-194,1995,1.0,0,0,0,,0.00,0.00,,,,0,0,0
467,Murilo Rhikman,br BRA,MF,Cruzeiro,19-124,2006,0.0,0,0,0,,0.00,0.00,,,,0,0,0
468,Ricardo,br BRA,MF,Vitória,31-138,1994,6.2,0,4,3,75.0,0.64,0.48,0.00,0.00,33.1,0,0,0
469,João Ricardo Riedi,br BRA,GK,Fortaleza,36-312,1988,12.0,0,0,0,,0.00,0.00,,,,0,0,0
470,Richardson,br BRA,MF,Ceará,33-332,1991,0.0,0,0,0,,0.00,0.00,,,,0,0,0
"471,Charles Rigon Matos,br BRA,""DF,MF"",Corinthians,29-026,1996,0.8,0,0,0,,0.00,0.00,,,,0,0,0"
472,Tomás Rincón,ve VEN,MF,Santos,37-183,1988,4.7,0,3,0,0.0,0.64,0.00,0.00,,15.1,0,0,0
473,Richard Ríos,co COL,MF,Palmeiras,25-043,2000,7.1,0,11,1,9.1,1.54,0.14,0.00,0.00,24.5,3,0,0
"474,Riquelme,br BRA,""FW,MF"",Fluminense,18-124,2007,0.4,0,1,0,0.0,2.57,0.00,0.00,,28.1,0,0,0"
475,Christian Rivera,co COL,MF,Sport Recife,29-182,1996,8.3,0,3,0,0.0,0.36,0.00,0.00,,23.4,0,0,0
476,Sergio Rochet,uy URU,GK,Internacional,32-114,1993,1.5,0,0,0,,0.00,0.00,,,,0,0,0
"477,Rodrigo,br BRA,""FW,MF"",São Paulo,21-121,2004,0.8,0,2,0,0.0,2.57,0.00,0.00,,12.3,0,0,0"
478,Guzmán Rodríguez,uy URU,DF,RB Bragantino,25-157,2000,12.0,0,7,2,28.6,0.58,0.17,0.00,0.00,11.0,0,0,0
479,Luciano Rodríguez,uy URU,FW,Bahia,21-364,2003,5.9,0,14,3,21.4,2.37,0.51,0.00,0.00,18.6,1,0,0
"480,Santiago Rodríguez,uy URU,""MF,FW"",Botafogo (RJ),25-188,2000,1.9,0,7,4,57.1,3.75,2.14,0.00,0.00,20.0,0,0,0"
481,Rodriguinho,br BRA,FW,Cruzeiro,22-040,2003,0.2,0,0,0,,0.00,0.00,,,,0,0,0
482,Agustín Rogel,uy URU,DF,Internacional,27-271,1997,5.0,0,2,0,0.0,0.40,0.00,0.00,,10.2,0,0,0
"483,Benjamín Rollheiser,ar ARG,""MF,FW"",Santos,25-113,2000,9.9,0,14,0,0.0,1.41,0.00,0.00,,23.4,2,0,0"
484,Iván Román,cl CHI,DF,Atlético Mineiro,19-003,2006,1.0,0,3,0,0.0,2.93,0.00,0.00,,5.9,0,0,0
"485,Romarinho,br BRA,""MF,FW"",Sport Recife,31-136,1994,1.0,0,6,2,33.3,6.14,02.05,0.00,0.00,17.5,0,0,0"
"486,Ángel Romero,py PAR,""FW,MF"",Corinthians,33-011,1992,7.7,0,15,3,20.0,1.95,0.39,0.00,0.00,15.5,1,0,0"
487,Óscar Romero,py PAR,MF,Internacional,33-011,1992,2.9,0,7,1,14.3,2.43,0.35,0.00,0.00,22.1,1,0,0
"488,Romulo,br BRA,""MF,FW"",Ceará,23-281,2001,1.4,0,3,3,100.0,2.21,2.21,0.00,0.00,25.4,0,0,0"
489,Rômulo,br BRA,DF,Atlético Mineiro,21-165,2004,1.7,0,0,0,,0.00,0.00,,,,0,0,0
490,Ronald,br BRA,MF,Vitória,28-027,1997,8.6,0,7,4,57.1,0.81,0.46,0.00,0.00,31.0,0,0,0
"491,Ronald,br BRA,""DF,MF"",Grêmio,22-154,2003,1.6,0,0,0,,0.00,0.00,,,,0,0,0"
492,Ronaldo,br BRA,GK,Bahia,28-327,1996,3.2,0,0,0,,0.00,0.00,,,,0,0,0
493,Ronaldo,br BRA,MF,Internacional,28-265,1996,7.6,0,8,2,25.0,01.05,0.26,0.00,0.00,22.6,0,0,0
494,Budiga Roni,br BRA,MF,Mirassol,26-091,1999,0.9,0,0,0,,0.00,0.00,,,,0,0,0
"495,Diego Rosa,br BRA,""MF,DF"",Internacional,22-276,2002,1.9,0,1,0,0.0,0.52,0.00,0.00,,32.2,1,0,0"
496,Matheus Rossetto,br BRA,MF,Fortaleza,29-042,1996,5.6,0,0,0,,0.00,0.00,,,,0,0,0
497,Agustín Rossi,ar ARG,GK,Flamengo,29-328,1995,12.0,0,0,0,,0.00,0.00,,,,0,0,0
498,Ruan,br BRA,DF,São Paulo,26-038,1999,4.0,0,0,0,,0.00,0.00,,,,0,0,0
499,Alan Ruschel,br BRA,DF,Juventude,35-326,1989,7.6,0,0,0,,0.00,0.00,,,,0,0,0
500,Rwan,br BRA,FW,Botafogo (RJ),24-056,2001,1.9,0,3,0,0.0,1.61,0.00,0.00,,19.7,0,0,0
501,José Sabino,br BRA,DF,São Paulo,28-263,1996,5.6,0,4,2,50.0,0.71,0.36,0.00,0.00,15.4,0,0,0
502,Rodrigo Sam,br BRA,DF,Juventude,29-356,1995,4.0,0,1,0,0.0,0.25,0.00,0.00,,5.4,0,0,0
503,Alex Sandro,br BRA,DF,Flamengo,34-170,1991,8.4,0,3,0,0.0,0.36,0.00,0.00,,10.2,0,0,0
504,Agustín Sant'Anna,uy URU,DF,RB Bragantino,27-291,1997,2.4,0,5,0,0.0,2.11,0.00,0.00,,27.1,1,0,0
505,Alex Santana,br BRA,MF,Corinthians,30-063,1995,1.2,0,1,0,0.0,0.85,0.00,0.00,,12.4,0,0,0
506,Alex Santana,br BRA,MF,Grêmio,30-063,1995,1.0,0,2,0,0.0,2.00,0.00,0.00,,11.0,0,0,0
507,Ademir Santos,br BRA,FW,Bahia,30-149,1995,6.8,0,9,3,33.3,1.33,0.44,0.00,0.00,18.0,0,0,0
"508,Eduardo Santos,br BRA,""DF,FW"",RB Bragantino,27-229,1997,2.0,0,0,0,,0.00,0.00,,,,0,0,0"
509,Rodrigo Santos,br BRA,FW,Fortaleza,24-300,2000,0.1,0,0,0,,0.00,0.00,,,,0,0,0
510,Renzo Saravia,ar ARG,DF,Atlético Mineiro,32-029,1993,1.5,0,4,0,0.0,2.61,0.00,0.00,,26.0,0,0,0
511,Lucas Sasha,br BRA,MF,Fortaleza,35-136,1990,8.0,0,6,2,33.3,0.75,0.25,0.00,0.00,19.6,0,0,0
"512,Gustavo Scarpa,br BRA,""MF,FW"",Atlético Mineiro,31-191,1994,11.1,0,21,3,14.3,1.89,0.27,0.00,0.00,24.8,2,0,0"
513,João Schmidt,br BRA,MF,Santos,32-057,1993,6.9,0,6,1,16.7,0.87,0.15,0.00,0.00,15.2,0,0,0
514,Cleiton Schwengber,br BRA,GK,RB Bragantino,27-330,1997,11.0,0,0,0,,0.00,0.00,,,,0,0,0
515,Igor Serrote,br BRA,DF,Grêmio,20-136,2005,4.7,0,3,0,0.0,0.64,0.00,0.00,,17.0,0,0,0
516,Juan Sforza,ar ARG,MF,Vasco da Gama,23-151,2002,0.8,0,0,0,,0.00,0.00,,,,0,0,0
517,Aderlan Silva,br BRA,DF,Santos,34-331,1990,1.0,0,1,0,0.0,01.03,0.00,0.00,,33.6,0,0,0
518,Guilherme Silva,br BRA,FW,Corinthians,18-159,2007,0.1,0,0,0,,0.00,0.00,,,,0,0,0
519,João Silva,pt POR,DF,Sport Recife,26-182,1999,8.0,0,3,1,33.3,0.37,0.12,0.00,0.00,9.4,0,0,0
520,Matheus Pereira da Silva,br BRA,MF,Fortaleza,27-140,1998,1.0,0,2,0,0.0,2.00,0.00,0.00,,31.1,1,0,0
521,Patrick Silva,br BRA,MF,Atlético Mineiro,21-118,2004,2.5,0,1,1,100.0,0.40,0.40,0.00,0.00,27.9,0,0,0
522,Thiago Silva,br BRA,DF,Fluminense,40-296,1984,7.0,0,3,0,0.0,0.43,0.00,0.00,,11.4,0,0,0
"523,Cédric Soares,pt POR,""DF,FW"",São Paulo,33-318,1991,8.0,0,1,0,0.0,0.12,0.00,0.00,,16.9,0,0,0"
524,Fernando Sobral,br BRA,MF,Ceará,30-210,1994,9.1,0,2,0,0.0,0.22,0.00,0.00,,30.7,1,0,0
"525,Yeferson Soteldo,ve VEN,""FW,MF"",Santos,28-015,1997,3.6,0,6,1,16.7,1.66,0.28,0.00,0.00,21.1,1,0,0"
526,Souza,br BRA,DF,Santos,19-029,2006,2.5,0,0,0,,0.00,0.00,,,,0,0,0
527,Fabiano Souza,br BRA,DF,Ceará,25-123,2000,10.3,0,6,1,16.7,0.58,0.10,0.00,0.00,29.9,0,0,0
528,Gabriel Souza,br BRA,FW,Vasco da Gama,20-191,2005,0.1,0,1,0,0.0,11.25,0.00,0.00,,9.8,0,0,0
529,Hugo Souza,br BRA,GK,Corinthians,26-165,1999,8.0,0,0,0,,0.00,0.00,,,,0,0,0
530,Igor Vinícius de Souza,br BRA,DF,São Paulo,28-105,1997,1.8,0,3,1,33.3,1.65,0.55,0.00,0.00,16.9,1,0,0
531,Tchê Tchê,br BRA,MF,Vasco da Gama,32-319,1992,7.5,0,6,1,16.7,0.80,0.13,0.00,0.00,24.2,0,0,0
"532,Alex Teixeira,br BRA,""MF,FW"",Vasco da Gama,35-190,1990,1.3,0,4,2,50.0,03.05,1.53,0.00,0.00,12.0,0,0,0"
533,Thalys,br BRA,FW,Palmeiras,20-143,2005,0.3,0,0,0,,0.00,0.00,,,,0,0,0
534,Rafael Thyere,br BRA,DF,Sport Recife,32-059,1993,1.0,0,2,1,50.0,2.00,1.00,0.00,0.00,18.2,0,0,0
"535,Tiago,br BRA,""FW,MF"",Bahia,20-098,2005,1.2,0,0,0,,0.00,0.00,,,,0,0,0"
536,Titi,br BRA,DF,Fortaleza,37-125,1988,3.0,0,0,0,,0.00,0.00,,,,0,0,0
537,Félix Torres Caicedo,ec ECU,DF,Corinthians,28-185,1997,5.1,0,2,0,0.0,0.39,0.00,0.00,,8.4,0,0,0
"538,Bruno Tubarão,br BRA,""FW,MF"",Ceará,30-132,1995,0.5,0,1,0,0.0,02.09,0.00,0.00,,13.0,0,0,0"
539,Vanderlan,br BRA,DF,Palmeiras,22-311,2002,0.5,0,0,0,,0.00,0.00,,,,0,0,0
"540,Guillermo Varela,uy URU,""DF,MF"",Flamengo,32-113,1993,3.9,0,1,1,100.0,0.26,0.26,0.00,0.00,13.2,0,0,0"
541,Raphael Veiga,br BRA,MF,Palmeiras,30-026,1995,1.8,0,6,2,33.3,3.27,01.09,0.00,0.00,20.7,0,0,0
"542,Gabriel Veron,br BRA,""FW,MF"",Santos,22-315,2002,1.4,0,3,1,33.3,2.21,0.74,0.00,0.00,14.4,0,0,0"
543,João Victor,br BRA,DF,Mirassol,27-316,1997,11.0,0,5,1,20.0,0.45,0.09,0.00,0.00,23.2,0,0,0
544,João Victor,br BRA,FW,Ceará,21-079,2004,0.1,0,0,0,,0.00,0.00,,,,0,0,0
545,Viery,br BRA,DF,Grêmio,20-194,2005,0.3,0,0,0,,0.00,0.00,,,,0,0,0
546,Mathías Villasanti,py PAR,MF,Grêmio,28-172,1997,10.2,0,4,0,0.0,0.39,0.00,0.00,,24.6,0,0,0
547,Matías Viña,uy URU,DF,Flamengo,27-248,1997,0.1,0,0,0,,0.00,0.00,,,,0,0,0
548,Vitão,br BRA,DF,Internacional,25-163,2000,11.0,0,3,1,33.3,0.27,0.09,0.00,0.00,17.9,0,0,0
549,Vitinho,br BRA,FW,Internacional,26-105,1999,4.2,0,7,1,14.3,1.68,0.24,0.00,0.00,14.3,0,0,0
550,Tiago Volpi,br BRA,GK,Grêmio,34-208,1990,13.0,0,0,0,,0.00,0.00,,,,0,0,0
551,Wagner,br BRA,DF,Grêmio,25-357,1999,12.3,0,4,4,100.0,0.32,0.32,0.00,0.00,12.3,0,0,0
552,Walace,br BRA,MF,Cruzeiro,30-102,1995,1.2,0,0,0,,0.00,0.00,,,,0,0,0
553,Walter,br BRA,GK,Mirassol,37-239,1987,5.0,0,0,0,,0.00,0.00,,,,0,0,0
"554,Wanderson,br BRA,""FW,MF"",Cruzeiro,30-281,1994,10.5,0,23,8,34.8,2.20,0.76,0.00,0.00,20.6,0,0,0"
555,José Welison,br BRA,MF,Fortaleza,30-126,1995,4.7,0,4,0,0.0,0.85,0.00,0.00,,27.1,1,0,0
556,Wendell,br BRA,DF,São Paulo,31-360,1993,4.6,0,2,0,0.0,0.43,0.00,0.00,,21.9,0,0,0
557,Wesley,br BRA,DF,Flamengo,21-312,2003,8.9,0,8,1,12.5,0.90,0.11,0.00,0.00,24.2,0,0,0
"558,Wesley,br BRA,""FW,MF"",Internacional,26-107,1999,9.3,0,20,5,25.0,2.14,0.54,0.00,0.00,18.9,0,0,0"
559,Wéverton,br BRA,GK,Palmeiras,37-214,1987,11.0,0,0,0,,0.00,0.00,,,,0,0,0
560,William,br BRA,DF,Cruzeiro,30-103,1995,6.1,0,6,2,33.3,0.99,0.33,0.00,0.00,20.9,1,0,0
561,Willian,br BRA,MF,Vitória,32-060,1993,2.8,0,6,1,16.7,2.11,0.35,0.00,0.00,16.3,0,0,0
"562,Estêvão Willian,br BRA,""MF,FW"",Palmeiras,18-082,2007,9.2,0,19,2,10.5,02.06,0.22,0.00,0.00,20.0,2,0,0"
"563,Mateus Xavier,br BRA,""FW,MF"",Santos,18-016,2007,0.4,0,0,0,,0.00,0.00,,,,0,0,0"
564,Yago,br BRA,MF,Mirassol,30-162,1995,4.1,0,5,0,0.0,1.22,0.00,0.00,,21.8,0,0,0
565,Yago,br BRA,MF,Internacional,18-160,2007,0.8,0,0,0,,0.00,0.00,,,,0,0,0
566,Lukas Zuccarello,br BRA,FW,Vasco da Gama,18-225,2006,0.3,0,0,0,,0.00,0.00,,,,0,0,0
567,Jefinho,,,Sport Recife,,,0.3,0,1,0,0.0,3.91,0.00,0.00,,,,0,0
